Timeline,olbi1,olbi2,olbi2r,olbi3,olbi3r,olbi4,olbi4r,olbi5,olbi6,olbi6r,olbi7,olbi8,olbi8r,olbi9,olbi9r,olbi10,olbi11,olbi11r,olbi12,olbi12r,olbi13,olbi14,olbi15,olbi16,olbi16r,Gender,Age,Education_level
16256,2,2,3,4,1,3,2,3,4,1,2,2,3,3,2,3,4,1,2,3,4,1,2,2,3,1,1968,2
16258,3,1,4,2,3,2,3,3,2,3,3,1,4,2,3,3,2,3,2,3,4,2,3,3,2,1,1974,5
16275,1,3,2,4,1,1,4,2,3,2,2,3,2,2,3,1,4,1,3,2,2,1,1,2,3,1,1979,6
16275,1,2,3,4,1,3,2,1,3,2,1,3,2,1,4,2,4,1,3,2,2,2,1,2,3,1,1975,5
16276,2,3,2,3,2,3,2,2,4,1,1,3,2,2,3,2,4,1,3,2,3,2,2,2,3,1,1988,5
16276,1,4,1,1,4,4,1,1,4,1,1,4,1,3,2,1,4,1,4,1,3,1,1,2,3,2,1977,5
16276,2,2,3,4,1,4,1,2,4,1,1,2,3,4,1,3,4,1,3,2,3,1,1,2,3,1,1983,6
16280,2,4,1,4,1,2,3,2,3,2,2,4,1,2,3,2,4,1,3,2,4,1,2,2,3,1,1981,6
16283,2,2,3,3,2,1,4,2,3,2,1,3,2,3,2,2,4,1,3,2,3,1,1,1,4,1,1970,2
16283,2,3,2,3,2,3,2,3,3,2,1,3,2,3,2,2,4,1,3,2,4,2,2,2,3,1,1959,4
16286,2,2,3,3,2,3,2,2,3,2,2,4,1,3,2,2,4,1,4,1,4,2,3,2,3,1,1976,5
16286,2,2,3,3,2,3,2,2,4,1,1,3,2,4,1,1,3,2,4,1,2,1,2,2,3,1,1979,2
16286,2,2,3,1,4,3,2,1,2,3,1,4,1,3,2,1,4,1,4,1,3,1,4,2,3,1,1974,2
16286,1,1,4,4,1,2,3,2,4,1,1,4,1,2,3,1,4,1,4,1,3,2,2,1,4,1,1973,2
16286,1,1,4,4,1,2,3,2,4,1,1,4,1,2,3,1,4,1,4,1,3,2,2,1,4,1,1973,2
16290,2,1,4,1,4,3,2,2,2,3,1,2,3,3,2,1,4,1,4,1,4,1,2,1,4,1,1977,3
16290,2,2,3,4,1,1,4,3,4,1,1,1,4,4,1,1,3,2,3,2,4,1,3,2,3,1,1972,4
16290,1,3,2,4,1,4,1,2,2,3,2,3,2,3,2,1,4,1,4,1,4,2,2,3,2,1,1980,3
16294,1,4,1,4,1,4,1,2,4,1,2,3,2,4,1,1,4,1,4,1,3,1,2,1,4,2,1979,6
16302,3,4,1,4,1,4,1,1,4,1,1,3,2,4,1,2,4,1,4,1,4,1,3,1,4,2,1985,6
16314,1,3,2,4,1,3,2,2,4,1,1,2,3,2,3,2,4,1,4,1,3,2,3,2,3,2,1975,6
16314,2,3,2,4,1,2,3,1,3,2,2,4,1,2,3,2,3,2,4,1,3,2,3,2,3,2,1982,6
16314,1,4,1,4,1,4,1,1,4,1,1,4,1,3,2,1,4,1,4,1,2,1,1,2,3,1,1976,6
16314,2,1,4,2,3,3,2,2,3,2,2,3,2,3,2,2,4,1,3,2,4,2,3,2,3,2,1976,6
16323,2,3,2,4,1,4,1,1,4,1,1,4,1,4,1,2,4,1,4,1,4,1,4,1,4,2,1972,5
16324,3,1,4,3,2,3,2,4,1,4,3,1,4,1,4,3,2,3,1,4,4,3,2,3,2,2,1980,6
16324,2,4,1,4,1,3,2,3,4,1,2,4,1,2,3,1,2,3,4,1,4,2,3,2,3,1,1973,4
16324,2,1,4,3,2,2,3,2,3,2,1,4,1,3,2,3,3,2,4,1,3,2,3,3,2,2,1968,5
16325,2,1,4,4,1,1,4,3,3,2,1,2,3,1,4,2,4,1,3,2,2,1,4,1,4,2,1964,2
16325,2,4,1,3,2,4,1,4,2,3,3,4,1,3,2,2,4,1,4,1,4,1,3,2,3,1,1969,3
16325,2,2,3,4,1,2,3,2,4,1,2,2,3,4,1,2,4,1,2,3,3,1,2,1,4,2,1970,5
16325,1,2,3,4,1,2,3,4,4,1,1,1,4,3,2,2,3,2,3,2,4,1,1,1,4,2,1970,5
16325,1,2,3,4,1,3,2,2,4,1,1,2,3,3,2,1,2,3,3,2,4,1,1,1,4,1,1966,6
16325,1,3,2,4,1,4,1,2,4,1,2,4,1,3,2,1,4,1,4,1,3,1,2,1,4,2,1961,2
16325,3,1,4,3,2,1,4,3,2,3,2,1,4,2,3,3,1,4,2,3,4,1,2,3,2,2,1982,6
16325,2,4,1,4,1,4,1,2,4,1,1,4,1,3,2,2,4,1,4,1,1,1,2,1,4,2,1966,5
16325,1,4,1,4,1,4,1,4,4,1,1,4,1,4,1,4,4,1,4,1,4,1,1,1,4,1,1958,2
16325,2,4,1,4,1,4,1,2,4,1,1,4,1,3,2,2,4,1,4,1,3,1,3,2,3,2,1979,2
16325,1,1,4,4,1,1,4,4,1,4,1,1,4,4,1,4,4,1,1,4,4,1,1,2,3,2,1974,5
16325,3,4,1,4,1,2,3,2,4,1,1,3,2,3,2,2,4,1,3,2,4,1,3,2,3,2,1960,5
16325,2,1,4,4,1,1,4,4,4,1,1,2,3,4,1,2,2,3,2,3,4,1,2,2,3,2,1960,5
16325,1,1,4,2,3,2,3,3,3,2,3,1,4,4,1,3,4,1,3,2,4,1,1,3,2,1,1973,5
16325,2,2,3,2,3,1,4,4,4,1,1,1,4,2,3,4,4,1,1,4,1,1,1,1,4,2,1962,2
16325,2,3,2,4,1,4,1,2,4,1,2,4,1,3,2,1,4,1,4,1,4,1,2,2,3,2,1969,2
16325,1,3,2,4,1,4,1,2,4,1,1,4,1,3,2,2,4,1,4,1,4,1,3,2,3,1,1960,2
16325,1,1,4,2,3,1,4,4,1,4,2,2,3,1,4,3,2,3,2,3,3,2,2,2,3,1,1964,2
16325,3,3,2,4,1,3,2,2,2,3,2,3,2,2,3,2,4,1,3,2,1,1,1,1,4,1,1956,4
16325,1,4,1,4,1,2,3,2,3,2,1,3,2,4,1,3,4,1,2,3,1,1,2,1,4,2,1967,2
16325,2,3,2,2,3,1,4,3,3,2,2,3,2,2,3,3,4,1,2,3,3,1,1,2,3,2,1968,4
16325,1,2,3,4,1,4,1,2,4,1,1,2,3,2,3,2,3,2,2,3,3,1,3,2,3,2,1972,4
16328,2,4,1,4,1,3,2,2,4,1,1,4,1,3,2,1,4,1,4,1,4,1,3,2,3,2,1970,4
16328,3,2,3,4,1,1,4,2,2,3,2,3,2,3,2,3,4,1,3,2,4,1,3,2,3,2,1957,5
16328,3,2,3,2,3,2,3,2,1,4,3,2,3,2,3,3,4,1,2,3,3,2,2,3,2,2,1976,5
16328,2,2,3,3,2,2,3,3,4,1,4,1,4,2,3,4,4,1,2,3,4,2,3,3,2,1,1970,2
16329,2,1,4,2,3,1,4,1,2,3,3,1,4,1,4,4,2,3,1,4,3,1,1,2,3,2,1966,5
16329,2,2,3,3,2,2,3,2,3,2,4,2,3,2,3,2,2,3,2,3,4,2,3,3,2,1,1959,6
16329,3,1,4,1,4,1,4,3,1,4,2,1,4,3,2,4,3,2,1,4,4,2,4,3,2,2,1975,5
16329,1,2,3,4,1,2,3,2,4,1,1,4,1,4,1,2,1,4,3,2,2,2,1,1,4,1,1966,2
16329,3,3,2,4,1,3,2,1,3,2,3,3,2,3,2,2,4,1,2,3,4,2,2,2,3,1,1977,5
16329,2,1,4,3,2,2,3,3,4,1,3,1,4,2,3,4,2,3,1,4,4,1,1,2,3,2,1975,3
16329,2,4,1,1,4,3,2,2,4,1,2,2,3,2,3,1,3,2,3,2,4,2,2,2,3,1,1960,2
16329,3,4,1,4,1,3,2,2,4,1,1,3,2,2,3,2,4,1,3,2,3,1,2,1,4,2,1957,5
16329,1,2,3,4,1,4,1,1,4,1,1,4,1,4,1,1,4,1,4,1,4,1,4,1,4,1,1961,5
16329,2,2,3,3,2,2,3,4,2,3,2,2,3,3,2,3,2,3,2,3,4,3,2,2,3,2,1969,5
16329,2,1,4,1,4,2,3,3,4,1,2,2,3,2,3,3,3,2,2,3,2,2,2,2,3,2,1980,5
16329,1,4,1,4,1,3,2,2,4,1,1,4,1,4,1,1,3,2,4,1,4,1,2,2,3,1,1964,5
16329,2,4,1,4,1,3,2,3,3,2,1,4,1,3,2,1,4,1,3,2,3,1,3,1,4,1,1965,4
16329,3,3,2,3,2,4,1,3,3,2,3,2,3,2,3,3,4,1,3,2,4,2,3,2,3,2,1971,2
16329,1,2,3,4,1,2,3,2,4,1,1,3,2,4,1,3,4,1,2,3,1,1,1,1,4,1,1959,5
16329,1,4,1,4,1,2,3,1,4,1,1,1,4,4,1,1,4,1,4,1,2,1,4,1,4,2,1969,2
16329,2,4,1,4,1,4,1,4,4,1,2,3,2,3,2,3,4,1,2,3,4,1,2,2,3,1,1972,6
16329,2,2,3,4,1,2,3,3,4,1,3,3,2,3,2,3,3,2,3,2,4,1,3,3,2,2,1967,2
16329,3,4,1,4,1,3,2,1,4,1,1,4,1,4,1,3,4,1,4,1,4,2,3,2,3,2,1965,2
16329,2,4,1,4,1,4,1,1,4,1,3,4,1,3,2,2,3,2,4,1,3,1,3,2,3,1,1970,2
16329,2,3,2,3,2,3,2,2,3,2,2,3,2,3,2,2,3,2,3,2,2,2,2,2,3,2,1963,5
16329,1,4,1,4,1,4,1,4,4,1,4,4,1,4,1,1,4,1,4,1,1,1,4,1,4,1,1965,2
16329,2,3,2,4,1,4,1,2,4,1,2,4,1,3,2,1,4,1,4,1,4,2,3,2,3,1,1971,2
16329,1,4,1,4,1,2,3,2,4,1,1,2,3,4,1,3,4,1,2,3,2,1,1,1,4,2,1972,6
16330,3,3,2,3,2,3,2,2,3,2,3,3,2,3,2,3,3,2,2,3,4,2,2,2,3,2,1972,5
16330,3,1,4,3,2,3,2,2,2,3,3,3,2,3,2,2,2,3,3,2,1,3,1,4,1,2,1964,5
16330,2,1,4,3,2,2,3,2,3,2,3,3,2,2,3,2,3,2,2,3,4,1,3,2,3,2,1973,2
16330,1,3,2,4,1,3,2,1,4,1,1,4,1,4,1,1,4,1,3,2,3,1,4,1,4,2,1961,5
16330,3,3,2,4,1,2,3,1,2,3,1,4,1,3,2,1,4,1,3,2,3,2,3,1,4,2,1980,4
16330,1,3,2,4,1,4,1,1,4,1,1,4,1,4,1,1,4,1,4,1,3,1,4,1,4,2,1965,3
16330,1,3,2,3,2,2,3,2,3,2,1,4,1,3,2,2,4,1,3,2,3,1,3,1,4,2,1970,4
16330,3,4,1,3,2,4,1,3,4,1,1,4,1,3,2,2,4,1,4,1,4,1,2,1,4,1,1956,5
16330,2,1,4,4,1,2,3,3,1,4,1,1,4,3,2,3,4,1,3,2,1,1,1,2,3,2,1972,5
16330,1,2,3,4,1,3,2,2,4,1,1,4,1,3,2,2,4,1,3,2,4,3,2,2,3,2,1977,4
16330,3,2,3,2,3,2,3,2,2,3,2,3,2,2,3,2,4,1,3,2,4,2,2,2,3,2,1974,2
16330,1,2,3,4,1,4,1,2,4,1,1,2,3,1,4,2,1,4,2,3,2,2,1,2,3,2,1977,4
16330,3,2,3,2,3,1,4,3,2,3,3,1,4,3,2,3,2,3,2,3,4,1,2,3,2,2,1977,6
16330,1,3,2,3,2,2,3,2,3,2,2,2,3,3,2,2,4,1,3,2,4,1,2,1,4,2,1965,5
16331,1,3,2,4,1,2,3,2,3,2,2,2,3,1,4,3,3,2,3,2,4,1,3,2,3,2,1971,4
16331,2,1,4,3,2,2,3,2,3,2,2,3,2,3,2,2,4,1,3,2,3,1,2,2,3,2,1978,5
16331,2,3,2,3,2,1,4,4,4,1,2,2,3,2,3,4,4,1,1,4,4,1,1,2,3,2,1977,4
16331,1,2,3,4,1,2,3,1,4,1,1,2,3,3,2,2,3,2,2,3,3,2,2,1,4,2,1966,5
16331,3,2,3,2,3,2,3,3,2,3,3,1,4,3,2,2,2,3,2,3,4,2,2,3,2,2,1974,5
16331,1,2,3,4,1,2,3,2,1,4,1,4,1,4,1,2,4,1,3,2,3,2,4,1,4,2,1966,2
16331,2,2,3,2,3,1,4,2,4,1,1,3,2,2,3,3,4,1,2,3,4,2,3,2,3,2,1973,2
16331,2,4,1,4,1,4,1,2,2,3,2,4,1,4,1,4,4,1,4,1,4,2,4,1,4,1,1949,5
16331,2,2,3,3,2,1,4,4,4,1,2,1,4,3,2,3,2,3,2,3,1,1,1,2,3,1,1962,5
16331,3,1,4,3,2,1,4,3,4,1,2,1,4,2,3,3,2,3,1,4,3,2,2,2,3,2,1979,5
16331,1,4,1,4,1,4,1,1,4,1,1,3,2,4,1,1,4,1,3,2,1,1,1,1,4,2,1969,4
16331,1,3,2,2,3,1,4,3,3,2,1,2,3,3,2,3,4,1,2,3,4,2,2,2,3,1,1960,5
16331,2,4,1,4,1,4,1,2,3,2,1,4,1,4,1,1,4,1,4,1,2,1,2,1,4,1,1972,5
16331,2,2,3,4,1,2,3,1,3,2,2,2,3,3,2,3,4,1,2,3,3,1,2,2,3,2,1977,2
16331,2,4,1,4,1,2,3,2,2,3,2,2,3,2,3,2,4,1,2,3,3,2,3,2,3,2,1972,2
16331,2,4,1,4,1,4,1,1,4,1,1,4,1,4,1,1,4,1,4,1,4,1,4,1,4,2,1977,4
16331,1,1,4,4,1,1,4,3,4,1,1,1,4,4,1,3,4,1,1,4,3,2,1,1,4,2,1963,4
16331,1,2,3,1,4,3,2,4,4,1,1,3,2,1,4,2,3,2,1,4,4,2,2,2,3,2,1978,5
16331,1,2,3,4,1,1,4,1,4,1,1,4,1,4,1,1,1,4,4,1,1,1,4,1,4,2,1964,2
16331,1,1,4,3,2,2,3,3,4,1,1,2,3,4,1,4,4,1,2,3,3,1,2,2,3,2,1970,2
16331,2,3,2,3,2,1,4,2,4,1,3,2,3,3,2,2,4,1,2,3,4,1,2,1,4,2,1974,6
16331,1,4,1,3,2,2,3,2,4,1,1,3,2,4,1,1,4,1,3,2,4,1,3,1,4,2,1976,6
16331,1,3,2,3,2,1,4,2,4,1,1,2,3,4,1,1,4,1,3,2,4,1,3,1,4,2,1958,2
16331,1,4,1,4,1,2,3,3,3,2,2,3,2,3,2,3,3,2,2,3,4,2,3,2,3,1,1966,6
16332,3,1,4,2,3,2,3,3,4,1,3,1,4,2,3,2,2,3,1,4,3,2,2,3,2,2,1972,2
16332,2,3,2,3,2,3,2,3,3,2,4,2,3,3,2,2,2,3,3,2,4,2,3,2,3,2,1967,4
16332,2,3,2,3,2,2,3,2,3,2,3,3,2,2,3,2,4,1,2,3,4,1,2,2,3,1,1977,6
16332,1,3,2,4,1,4,1,4,4,1,1,4,1,4,1,1,3,2,3,2,2,1,3,1,4,2,1960,2
16332,2,1,4,4,1,2,3,3,4,1,1,3,2,4,1,4,4,1,2,3,4,1,2,1,4,1,1955,5
16332,2,3,2,4,1,3,2,2,4,1,1,2,3,4,1,2,4,1,3,2,2,1,2,1,4,2,1963,2
16332,2,3,2,2,3,4,1,1,2,3,4,2,3,2,3,3,2,3,1,4,2,2,2,2,3,2,1971,5
16332,1,3,2,4,1,3,2,2,2,3,1,4,1,4,1,1,4,1,3,2,4,1,2,1,4,2,1965,5
16332,1,4,1,4,1,1,4,1,4,1,1,4,1,4,1,4,4,1,4,1,2,1,1,1,4,1,1954,2
16332,2,4,1,4,1,2,3,3,3,2,3,1,4,2,3,4,3,2,3,2,4,1,2,4,1,1,1976,6
16335,1,2,3,3,2,1,4,2,2,3,1,4,1,2,3,1,4,1,4,1,1,1,1,1,4,1,1964,2
16335,1,2,3,2,3,1,4,3,4,1,1,2,3,4,1,3,4,1,1,4,4,2,1,3,2,2,1981,2
16335,2,1,4,1,4,1,4,2,1,4,2,1,4,4,1,3,1,4,1,4,4,1,2,3,2,2,1975,5
16335,2,1,4,4,1,1,4,3,3,2,1,3,2,3,2,3,4,1,2,3,3,1,1,2,3,1,1979,2
16336,4,1,4,2,3,4,1,3,2,3,1,4,1,2,3,2,4,1,3,2,3,2,3,1,4,2,1970,2
16336,2,4,1,4,1,1,4,1,4,1,1,4,1,4,1,2,4,1,4,1,4,4,2,4,1,2,1968,5
16336,1,3,2,4,1,3,2,1,4,1,1,4,1,3,2,2,4,1,3,2,3,1,2,1,4,2,1968,5
16336,2,3,2,4,1,2,3,4,4,1,2,3,2,3,2,3,4,1,3,2,1,1,3,1,4,2,1967,4
16336,2,4,1,4,1,2,3,1,4,1,2,4,1,4,1,1,4,1,4,1,4,1,4,1,4,2,1963,4
16337,2,1,4,4,1,3,2,1,4,1,2,4,1,4,1,1,4,1,4,1,4,1,4,1,4,2,1970,2
16337,1,3,2,3,2,2,3,2,4,1,1,2,3,4,1,2,4,1,2,3,2,1,1,1,4,2,1973,5
16337,2,2,3,3,2,1,4,2,3,2,2,2,3,3,2,3,3,2,2,3,4,1,2,3,2,2,1958,5
16338,1,2,3,2,3,2,3,2,4,1,4,3,2,3,2,2,2,3,2,3,3,1,1,1,4,1,1969,2
16338,2,2,3,3,2,1,4,2,4,1,1,2,3,2,3,2,3,2,2,3,1,1,2,1,4,2,1961,5
16338,2,3,2,4,1,4,1,2,4,1,1,1,4,2,3,3,3,2,2,3,4,4,4,2,3,2,1975,4
16338,3,1,4,3,2,1,4,3,3,2,4,2,3,1,4,4,2,3,1,4,4,1,1,2,3,1,1969,5
16338,2,3,2,3,2,4,1,1,3,2,3,3,2,4,1,2,1,4,3,2,4,1,2,3,2,2,1971,5
16338,3,1,4,4,1,1,4,3,4,1,3,3,2,1,4,4,2,3,2,3,3,1,3,2,3,2,1966,5
16338,1,4,1,4,1,1,4,4,2,3,1,2,3,4,1,4,4,1,2,3,3,1,1,1,4,2, ,2
16338,1,1,4,4,1,1,4,4,3,2,2,2,3,2,3,1,2,3,1,4,4,1,3,3,2,1,1974,5
16338,3,1,4,4,1,1,4,2,4,1,4,4,1,1,4,4,3,2,1,4,4,1,4,1,4,2,1966,5
16338,4,1,4,3,2,3,2,2,4,1,2,2,3,1,4,2,3,2,3,2,4,2,3,3,2,2,1969,5
16338,4,3,2,4,1,3,2,2,4,1,1,2,3,3,2,2,4,1,2,3,2,1,3,1,4,2,1970,2
16338,4,2,3,3,2,2,3,2,4,1,3,3,2,2,3,2,3,2,3,2,4,2,2,2,3,2,1959,5
16338,2,2,3,2,3,1,4,3,3,2,1,3,2,3,2,3,3,2,2,3,2,2,2,1,4,2,1967,4
16339,2,4,1,4,1,4,1,1,4,1,1,4,1,4,1,1,4,1,4,1,4,1,2,1,4,1,1961,5
16339,2,4,1,4,1,4,1,1,3,2,1,4,1,4,1,1,4,1,4,1,3,1,2,1,4,2,1975,5
16339,1,4,1,3,2,3,2,2,4,1,1,2,3,4,1,2,4,1,4,1,4,1,1,1,4,2,1975,6
16339,2,2,3,2,3,1,4,4,2,3,4,2,3,3,2,2,2,3,2,3,2,1,2,3,2,1,1956,2
16339,2,3,2,4,1,2,3,2,3,2,4,3,2,3,2,2,3,2,3,2,4,2,3,2,3,2,1972,5
16339,3,2,3,3,2,2,3,3,3,2,2,3,2,3,2,2,3,2,3,2,2,2,2,2,3,2,1966,4
16342,1,3,2,2,3,4,1,2,1,4,3,2,3,1,4,2,2,3,3,2,4,1,3,2,3,1,1976,4
16342,2,4,1,4,1,4,1,4,4,1,1,4,1,4,1,2,4,1,4,1,3,1,4,1,4,1,1958,5
16342,3,4,1,4,1,4,1,2,4,1,1,3,2,4,1,2,4,1,3,2,1,1,1,1,4,2,1979,5
16342,3,2,3,2,3,3,2,2,3,2,3,2,3,1,4,4,3,2,2,3,4,2,2,3,2,2,1976,6
16342,3,4,1,3,2,3,2,2,3,2,3,2,3,3,2,2,3,2,3,2,4,2,3,2,3,2,1965,5
16342,2,1,4,2,3,2,3,3,3,2,2,1,4,3,2,3,2,3,2,3,3,2,2,3,2,2,1981,5
16342,1,4,1,4,1,4,1,1,4,1,1,4,1,3,2,1,4,1,4,1,4,1,3,1,4,1,1961,5
16342,1,4,1,4,1,3,2,1,4,1,1,4,1,3,2,2,4,1,3,2,2,1,1,1,4,1,1954,5
16342,2,3,2,3,2,1,4,2,3,2,2,3,2,2,3,2,3,2,3,2,3,2,2,2,3,1,1959,3
16342,1,2,3,4,1,2,3,1,4,1,1,4,1,4,1,2,4,1,3,2,3,1,2,2,3,1,1971,6
16342,3,3,2,3,2,3,2,1,4,1,3,3,2,3,2,2,4,1,4,1,3,1,2,2,3,2,1962,5
16342,2,3,2,4,1,4,1,2,2,3,1,4,1,4,1,2,4,1,4,1,2,1,2,1,4,1,1960,2
16342,2,1,4,4,1,1,4,2,4,1,1,2,3,2,3,4,3,2,2,3,3,2,2,2,3,2,1970,6
16342,2,1,4,2,3,1,4,4,1,4,4,2,3,1,4,2,2,3,3,2,4,3,2,3,2,2,1975,6
16342,2,4,1,3,2,3,2,1,3,2,1,4,1,3,2,2,4,1,4,1,2,1,2,1,4,2,1958,5
16342,3,2,3,3,2,2,3,3,3,2,3,2,3,1,4,2,3,2,3,2,4,2,3,2,3,2,1980,3
16342,1,4,1,4,1,4,1,4,4,1,2,3,2,3,2,1,4,1,3,2,4,2,1,1,4,2,1961,5
16342,3,3,2,3,2,2,3,2,3,2,3,2,3,2,3,3,3,2,3,2,3,2,3,2,3,2, ,5
16342,1,3,2,4,1,1,4,3,4,1,1,2,3,3,2,4,4,1,3,2,4,1,1,2,3,1,1969,5
16342,3,2,3,2,3,3,2,2,2,3,3,2,3,2,3,2,3,2,3,2,4,2,2,3,2,2,1977,6
16342,1,4,1,4,1,3,2,2,4,1,1,4,1,4,1,2,4,1,3,2,3,3,2,1,4,1,1958,4
16342,4,1,4,1,4,1,4,4,4,1,4,1,4,4,1,4,4,1,1,4,4,1,1,4,1,2, ,2
16342,2,1,4,1,4,1,4,2,1,4,4,1,4,1,4,3,1,4,1,4,4,2,4,4,1,2,1978,4
16342,3,2,3,3,2,1,4,2,2,3,2,2,3,2,3,3,3,2,2,3,4,2,2,2,3,2,1974,5
16342,3,3,2,4,1,3,2,3,3,2,2,3,2,3,2,3,3,2,3,2,4,2,3,3,2,2,1974,5
16342,2,3,2,4,1,4,1,2,3,2,2,3,2,3,2,1,4,1,2,3,3,2,2,2,3,2,1962,5
16342,1,1,4,4,1,1,4,3,4,1,2,2,3,1,4,1,3,2,3,2,4,1,2,3,2,1,1961,4
16342,1,1,4,3,2,4,1,1,3,2,1,3,2,3,2,2,3,2,3,2,1,1,1,1,4,2,1964,2
16342,1,1,4,4,1,3,2,2,4,1,1,2,3,2,3,3,3,2,1,4,4,1,1,3,2,2,1976,5
16342,2,4,1,3,2,1,4,2,4,1,1,4,1,4,1,2,4,1,3,2,3,1,2,1,4,2,1959,5
16342,1,4,1,3,2,2,3,3,4,1,1,2,3,4,1,1,4,1,3,2,4,2,2,1,4,2,1979,5
16342,1,3,2,4,1,2,3,2,4,1,1,2,3,4,1,3,4,1,1,4,2,1,1,1,4,2,1969,2
16342,1,1,4,4,1,3,2,1,3,2,1,4,1,2,3,3,4,1,3,2,4,1,2,1,4,1,1973,5
16342,3,4,1,4,1,3,2,2,4,1,2,4,1,3,2,2,4,1,4,1,4,2,3,2,3,2,1966,5
16343,3,1,4,2,3,1,4,4,3,2,4,1,4,1,4,4,1,4,1,4,4,4,4,4,1,2,1974,4
16343,1,3,2,3,2,2,3,2,3,2,1,3,2,3,2,2,4,1,3,2,3,1,2,1,4,2,1966,5
16343,3,1,4,4,1,1,4,3,4,1,2,2,3,2,3,3,2,3,1,4,3,1,2,2,3,2,1968,4
16343,4,2,3,4,1,2,3,2,4,1,3,2,3,2,3,3,3,2,2,3,2,1,2,2,3,2,1968,4
16343,2,3,2,4,1,4,1,2,4,1,2,3,2,4,1,2,4,1,4,1,4,1,1,1,4,2,1962,5
16343,2,2,3,4,1,3,2,3,3,2,2,4,1,4,1,2,4,1,3,2,4,2,3,3,2,2,1965,2
16343,2,1,4,4,1,4,1,2,3,2,2,4,1,4,1,1,4,1,4,1,2,1,2,2,3,2,1968,2
16343,3,2,3,3,2,1,4,2,2,3,2,1,4,2,3,2,4,1,4,1,4,1,3,3,2,2,1969,2
16343,2,2,3,2,3,1,4,2,4,1,2,2,3,2,3,2,4,1,2,3,4,1,1,1,4,2,1971,2
16343,2,3,2,4,1,4,1,1,3,2,3,3,2,4,1,1,2,3,2,3,4,1,2,3,2,2,1952,2
16344,1,3,2,4,1,4,1,2,3,2,1,3,2,1,4,2,4,1,3,2,2,2,2,2,3,1,1981,4
16344,2,3,2,4,1,2,3,1,2,3,2,3,2,3,2,1,3,2,2,3,3,1,3,1,4,1,1978,2
16344,2,1,4,2,3,2,3,3,2,3,3,2,3,3,2,3,2,3,2,3,4,3,2,1,4,1,1988,3
16344,3,2,3,3,2,3,2,2,2,3,2,3,2,2,3,2,2,3,2,3,3,2,2,3,2,1,1975,4
16344,1,4,1,4,1,4,1,1,4,1,1,4,1,4,1,1,4,1,2,3,3,1,2,2,3,1,1989,3
16344,1,4,1,4,1,4,1,4,4,1,1,4,1,4,1,2,4,1,4,1,2,2,4,4,1,1,1984,1
16344,2,2,3,3,2,2,3,2,3,2,1,3,2,4,1,2,4,1,3,2,3,2,3,2,3,1,1974,5
16344,2,2,3,3,2,1,4,1,4,1,1,2,3,4,1,3,4,1,3,2,4,1,3,3,2,1,1988,4
16344,2,2,3,4,1,2,3,2,3,2,2,3,2,4,1,3,4,1,3,2,4,1,1,1,4,1,1978,2
16344,1,2,3,3,2,1,4,1,1,4,1,2,3,1,4,4,4,1,1,4,4,1,3,3,2,1, ,3
16344,4,1,4,2,3,3,2,2,1,4,4,3,2,1,4,2,3,2,3,2,4,1,3,3,2,2,1982,6
16344,1,1,4,3,2,1,4,3,3,2,2,1,4,3,2,3,3,2,2,3,3,2,2,3,2,1,1987,4
16344,1,2,3,3,2,2,3,2,1,4,1,1,4,3,2,3,4,1,2,3,2,1,1,1,4,2,1967,2
16344,1,3,2,4,1,3,2,3,3,2,2,4,1,4,1,1,4,1,3,2,3,2,3,1,4,2,1984,4
16344,1,3,2,4,1,1,4,1,4,1,1,4,1,3,2,1,4,1,3,2,4,1,1,1,4,1,1984,3
16344,1,4,1,4,1,1,4,4,3,2,1,1,4,3,2,3,3,2,3,2,2,4,1,3,2,1,1968,2
16344,2,2,3,3,2,2,3,3,3,2,3,2,3,2,3,3,2,3,2,3,3,2,2,3,2,1,1969,4
16344,1,2,3,4,1,3,2,2,4,1,1,3,2,1,4,4,3,2,2,3,2,2,1,2,3,1,1977,6
16344,2,1,4,2,3,1,4,3,2,3,3,2,3,2,3,4,1,4,1,4,4,3,2,3,2,1,1983,3
16344,1,2,3,2,3,2,3,3,3,2,2,2,3,2,3,3,3,2,2,3,3,2,2,2,3,1,1970,4
16344,1,1,4,4,1,2,3,2,2,3,2,3,2,2,3,2,3,2,3,2,4,1,2,2,3,1, ,2
16344,4,4,1,4,1,4,1,4,4,1,4,4,1,4,1,4,4,1,4,1,1,1,1,1,4,1,1969,3
16351,2,3,2,3,2,3,2,3,3,2,2,3,2,3,2,4,3,2,4,1,3,2,2,1,4,2,1959,5
16352,3,2,3,3,2,2,3,2,2,3,3,2,3,2,3,2,4,1,3,2,3,2,2,2,3,1,1971,5
16352,3,3,2,4,1,4,1,1,3,2,3,4,1,3,2,2,4,1,3,2,2,1,4,2,3,2,1972,5
16352,2,2,3,4,1,3,2,3,3,2,3,3,2,2,3,2,1,4,3,2,3,1,4,3,2,2,1977,5
16364,3,2,3,3,2,2,3,3,2,3,3,3,2,2,3,2,4,1,2,3,3,2,2,3,2,1,1979,4
16364,2,1,4,4,1,3,2,2,2,3,2,3,2,3,2,2,4,1,3,2,4,2,2,2,3,2,1973,6
16364,1,4,1,4,1,4,1,1,2,3,1,4,1,4,1,1,4,1,4,1,1,1,3,1,4,1,1960,2
16364,1,3,2,3,2,4,1,2,3,2,1,4,1,3,2,1,4,1,3,2,3,1,2,1,4,1,1960,3
16370,2,1,4,4,1,3,2,4,4,1,1,4,1,4,1,2,4,1,4,1,4,1,2,1,4,2,1955,4
16372,2,1,4,1,4,1,4,3,2,3,4,1,4,1,4,4,1,4,1,4,4,3,3,4,1,1,1976,3
16372,1,2,3,4,1,2,3,3,4,1,1,3,2,4,1,3,4,1,3,2,4,1,3,1,4,1,1972,4
16372,1,3,2,4,1,3,2,2,2,3,2,3,2,3,2,2,4,1,3,2,4,1,2,1,4,2, ,1
16372,2,2,3,3,2,4,1,1,3,2,2,4,1,3,2,1,4,1,3,2,3,1,3,2,3,2,1980,4
16372,1,1,4,3,2,1,4,1,1,4,2,2,3,1,4,4,4,1,1,4,4,1,2,2,3,2,1990,3
16372,1,2,3,4,1,4,1,1,4,1,1,4,1,2,3,2,4,1,4,1,3,1,1,1,4,1,1974,5
16372,1,1,4,3,2,1,4,3,3,2,2,2,3,2,3,2,2,3,2,3,4,1,2,2,3,1,1965,3
16372,2,2,3,2,3,3,2,2,3,2,2,3,2,2,3,2,2,3,2,3,3,2,3,2,3,1, ,2
16372,1,2,3,4,1,1,4,3,4,1,1,3,2,2,3,2,4,1,2,3,4,1,3,1,4,2,1981,5
16372,1,1,4,1,4,1,4,2,2,3,1,1,4,2,3,3,4,1,3,2,4,1,2,1,4,2,1954,4
16372,2,2,3,4,1,2,3,2,4,1,2,3,2,3,2,4,3,2,1,4,4,2,1,3,2,1,1962,2
16372,2,2,3,3,2,2,3,2,3,2,2,3,2,3,2,2,4,1,3,2,3,2,3,2,3,1,1964,2
16372,3,1,4,2,3,1,4,3,1,4,2,1,4,3,2,1,3,2,2,3,4,2,1,3,2,1, ,3
16372,2,2,3,4,1,3,2,2,3,2,1,2,3,2,3,2,3,2,3,2,2,2,4,1,4,1,1967,1
16372,2,2,3,4,1,3,2,2,3,2,1,2,3,2,3,2,3,2,3,2,2,2,4,1,4,1,1969,3
16372,2,1,4,2,3,2,3,3,2,3,2,1,4,3,2,2,2,3,3,2,4,1,1,2,3,2, ,3
16372,4,1,4,3,2,1,4,2,1,4,2,1,4,1,4,4,2,3,1,4,4,3,2,2,3,1,1970,5
16372,2,2,3,3,2,4,1,3,3,2,3,4,1,3,2,2,3,2,3,2,4,1,2,2,3,1,1965,5
16372,2,4,1,4,1,2,3,1,2,3,1,4,1,2,3,2,4,1,3,2,3,1,2,2,3,1,1973,6
16372,1,2,3,4,1,3,2,2,3,2,1,3,2,4,1,2,3,2,3,2,3,2,3,2,3,1,1976,5
16372,1,4,1,4,1,4,1,4,4,1,1,4,1,4,1,1,4,1,1,4,1,1,1,1,4,1, ,4
16372,1,2,3,3,2,2,3,1,2,3,2,3,2,2,3,2,3,2,4,1,3,2,3,2,3,1,1951,5
16372,2,2,3,3,2,3,2,2,3,2,2,3,2,3,2,2,4,1,3,2,4,1,2,2,3,1,1975,3
16372,2,1,4,2,3,2,3,3,1,4,2,3,2,3,2,4,3,2,1,4,3,2,1,2,3,2,1962,5
16372,2,2,3,4,1,4,1,2,3,2,2,4,1,2,3,3,4,1,3,2,3,2,2,2,3,2,1979,2
16373,2,1,4,3,2,4,1,2,3,2,1,2,3,3,2,1,3,2,3,2,4,1,1,2,3,1, ,4
16373,2,1,4,3,2,1,4,1,2,3,2,2,3,2,3,3,3,2,2,3,4,2,2,4,1,2,1972,5
16373,1,2,3,4,1,3,2,2,4,1,1,4,1,4,1,4,4,1,3,2,3,1,1,1,4,1,1962,2
16373,1,2,3,3,2,3,2,3,4,1,1,3,2,4,1,3,2,3,2,3,3,2,1,1,4,1,1980,2
16373,2,1,4,3,2,1,4,2,1,4,2,3,2,4,1,3,3,2,3,2,3,2,3,3,2,2,1982,5
16373,2,3,2,4,1,2,3,4,3,2,3,4,1,4,1,1,4,1,3,2,3,1,3,1,4,2, ,2
16373,2,3,2,3,2,4,1,1,3,2,2,4,1,4,1,1,4,1,4,1,3,1,2,1,4,2,1970,4
16373,2,2,3,4,1,2,3,2,2,3,1,1,4,3,2,1,3,2,2,3,1,1,1,1,4,1,1957,4
16373,2,3,2,4,1,3,2,2,4,1,1,3,2,4,1,3,4,1,3,2,4,1,2,1,4,1, ,5
16373,1,4,1,4,1,4,1,1,4,1,1,4,1,4,1,1,4,1,3,2,4,1,4,1,4,2,1966,1
16373,1,4,1,4,1,3,2,4,4,1,2,4,1,4,1,2,4,1,4,1,1,1,3,1,4,2,1972,5
16373,1,2,3,2,3,3,2,2,4,1,1,3,2,3,2,3,4,1,2,3,3,1,2,2,3,1,1966,2
16373,2,4,1,3,2,3,2,1,4,1,2,2,3,2,3,4,4,1,2,3,3,2,2,2,3,1,1970,3
16373,1,3,2,4,1,3,2,3,4,1,3,4,1,3,2,2,4,1,4,1,2,1,4,1,4,2,1971,4
16373,1,4,1,4,1,3,2,1,3,2,1,3,2,4,1,1,4,1,4,1,3,1,2,1,4,2,1964,3
16373,2,3,2,4,1,2,3,1,2,3,2,4,1,2,3,2,4,1,4,1,2,2,2,2,3,1,1982,2
16373,2,2,3,4,1,4,1,3,4,1,1,4,1,4,1,2,4,1,3,2,2,1,1,2,3,2,1979,3
16373,1,2,3,2,3,2,3,3,2,3,1,4,1,4,1,2,2,3,3,2,4,1,1,2,3,1,1993,2
16373,2,1,4,3,2,2,3,2,3,2,2,3,2,3,2,3,4,1,2,3,3,2,3,2,3,2, ,5
16373,2,3,2,4,1,4,1,1,3,2,1,2,3,1,4,1,2,3,3,2,4,1,2,3,2,1,1983,2
16373,2,2,3,4,1,4,1,2,3,2,4,4,1,4,1,3,4,1,4,1,3,2,3,4,1,2,1971,2
16373,4,4,1,4,1,4,1,4,4,1,4,4,1,4,1,4,4,1,4,1,4,4,4,4,1,2,1980,2
16373,2,3,2,4,1,2,3,2,3,2,2,3,2,3,2,2,4,1,3,2,3,2,2,1,4,2,1965,3
16373,2,4,1,4,1,4,1,1,2,3,1,4,1,3,2,2,4,1,3,2,3,2,3,2,3,2,1983,2
16373,1,1,4,3,2,2,3,1,3,2,2,3,2,2,3,2,3,2,3,2,4,2,1,2,3,1,1954,2
16373,2,1,4,2,3,2,3,2,3,2,2,4,1,3,2,3,4,1,2,3,4,2,2,3,2,2,1968,4
16373,1,1,4,4,1,3,2,4,1,4,1,1,4,1,4,3,1,4,2,3,2,2,1,2,3,1, ,2
16373,1,1,4,4,1,2,3,1,1,4,1,2,3,4,1,3,4,1,3,2,4,1,2,2,3,1,1981,5
16373,1,2,3,4,1,2,3,2,4,1,1,4,1,4,1,1,3,2,4,1,1,1,1,1,4,2,1948,2
16373,2,2,3,3,2,2,3,2,3,2,1,4,1,3,2,1,4,1,3,2,4,2,1,1,4,2,1955,2
16373,3,2,3,3,2,3,2,1,1,4,3,4,1,2,3,1,3,2,3,2,4,2,2,3,2,1,1983,4
16373,1,2,3,4,1,4,1,2,4,1,1,4,1,4,1,1,4,1,4,1,2,2,4,1,4,2,1977,5
16373,1,2,3,4,1,3,2,3,4,1,1,2,3,3,2,3,3,2,2,3,4,2,2,2,3,1,1970,3
16373,1,3,2,4,1,4,1,1,3,2,1,3,2,4,1,3,4,1,2,3,4,1,4,1,4,1,1977,5
16373,1,2,3,4,1,3,2,4,4,1,1,3,2,4,1,2,4,1,3,2,1,1,1,1,4,2, ,3
16373,1,2,3,3,2,4,1,1,2,3,1,3,2,4,1,1,2,3,2,3,4,2,1,1,4,1,1982,2
16373,1,2,3,3,2,2,3,2,3,2,1,2,3,2,3,2,3,2,2,3,4,2,2,2,3,2,1990,5
16373,2,1,4,3,2,3,2,2,1,4,3,1,4,2,3,2,3,2,2,3,4,2,2,2,3,2,1989,2
16373,1,1,4,4,1,2,3,3,2,3,2,3,2,3,2,3,4,1,3,2,2,1,2,2,3,2,1990,5
16373,2,3,2,4,1,2,3,2,2,3,2,3,2,3,2,3,3,2,2,3,3,2,3,1,4,2,1966,2
16373,1,1,4,3,2,4,1,1,3,2,1,4,1,4,1,1,3,2,4,1,4,1,1,1,4,2,1973,5
16373,1,1,4,3,2,3,2,2,3,2,2,3,2,3,2,2,3,2,3,2,2,2,2,2,3,2,1986,1
16373,2,3,2,4,1,2,3,2,3,2,1,3,2,4,1,2,4,1,2,3,3,1,2,2,3,1,1984,2
16373,1,3,2,4,1,3,2,2,3,2,2,3,2,2,3,2,4,1,3,2,3,2,3,2,3,2,1983,6
16373,1,1,4,4,1,2,3,1,3,2,2,3,2,4,1,3,3,2,2,3,4,4,1,4,1,1,1971,3
16373,3,3,2,3,2,2,3,3,4,1,2,3,2,3,2,3,4,1,3,2,3,2,1,2,3,2,1978,5
16373,1,2,3,3,2,2,3,2,4,1,2,4,1,3,2,3,4,1,3,2,3,2,2,2,3,2,1976,5
16373,2,1,4,1,4,1,4,4,4,1,1,1,4,4,1,4,1,4,1,4,4,1,1,1,4,1,1968,5
16373,3,1,4,3,2,2,3,1,3,2,2,3,2,2,3,1,3,2,2,3,1,2,2,2,3,2,1984,2
16373,2,4,1,4,1,3,2,2,3,2,2,2,3,3,2,1,3,2,3,2,4,2,1,2,3, , , 
16373,1,2,3,3,2,2,3,3,3,2,2,3,2,3,2,1,4,1,3,2,2,2,2,2,3,1,1964,4
16373,2,3,2,4,1,2,3,2,4,1,1,3,2,4,1,3,4,1,3,2,2,2,1,1,4,2,1970,4
16373,1,1,4,4,1,3,2,1,4,1,1,4,1,4,1,2,4,1,3,2,4,1,1,2,3,1,1975,3
16373,2,2,3,4,1,3,2,3,3,2,3,2,3,2,3,2,4,1,4,1,2,1,1,1,4,2,1960,2
16373,1,1,4,3,2,2,3,1,3,2,2,3,2,3,2,2,4,1,3,2,4,2,3,2,3,2,1959,2
16373,1,4,1,4,1,4,1,2,4,1,1,4,1,2,3,3,4,1,2,3,4,1,2,3,2,2, ,2
16373,1,2,3,3,2,2,3,2,3,2,1,3,2,4,1,2,4,1,2,3,4,2,3,2,3,1,1986,3
16374,2,2,3,2,3,2,3,2,3,2,2,2,3,3,2,2,3,2,2,3,4,2,3,3,2,1,1974,5
16374,1,2,3,4,1,2,3,2,4,1,1,4,1,3,2,2,4,1,2,3,1,1,2,1,4,1,1946,3
16374,2,2,3,4,1,2,3,2,3,2,2,3,2,3,2,2,4,1,3,2,1,2,2,1,4,2,1974,3
16374,1,4,1,4,1,3,2,1,4,1,1,4,1,4,1,2,4,1,4,1,1,1,1,1,4,2, ,5
16374,1,1,4,3,2,3,2,1,4,1,1,2,3,4,1,2,4,1,3,2,2,2,2,1,4,2,1983,4
16374,3,1,4,3,2,1,4,1,1,4,3,3,2,3,2,3,4,1,3,2,4,1,4,2,3,2,1986,2
16374,2,1,4,2,3,1,4,2,2,3,3,1,4,1,4,4,1,4,1,4,4,3,2,3,2,2,1991,2
16374,2,4,1,4,1,2,3,3,2,3,1,4,1,3,2,1,4,1,2,3,4,2,2,1,4,2,1971,4
16374,3,1,4,4,1,1,4,2,3,2,1,2,3,2,3,4,4,1,2,3,2,2,2,3,2,1,1961,4
16374,1,2,3,3,2,2,3,3,3,2,2,1,4,3,2,3,2,3,2,3,1,2,1,2,3,2,1981,2
16374,1,2,3,2,3,3,2,2,3,2,1,3,2,4,1,2,2,3,3,2,1,1,2,1,4,2,1984,4
16377,4,3,2,4,1,4,1,4,3,2,2,4,1,3,2,4,4,1,4,1,4,2,4,3,2,1,1968,2
16377,3,2,3,2,3,1,4,4,3,2,3,1,4,4,1,3,2,3,2,3,4,1,2,3,2,1,1984,5
16377,2,1,4,4,1,4,1,3,3,2,3,2,3,2,3,2,4,1,3,2,1,2,2,3,2,1,1977,5
16379,1,4,1,4,1,2,3,3,4,1,2,4,1,4,1,1,4,1,4,1,3,1,2,1,4,2,1964,3
16379,2,3,2,4,1,2,3,2,3,2,1,2,3,3,2,3,4,1,2,3,4,1,3,1,4,2,1989,5
16379,2,4,1,4,1,4,1,4,4,1,1,4,1,4,1,1,4,1,4,1,3,4,4,4,1,2,1981,2
16379,1,3,2,4,1,2,3,2,4,1,1,4,1,4,1,2,4,1,3,2,2,1,2,1,4,1,1977,5
16379,1,2,3,4,1,3,2,1,4,1,1,3,2,4,1,2,4,1,3,2,3,1,2,1,4,2,1976,4
16379,2,2,3,4,1,3,2,1,4,1,1,4,1,4,1,2,4,1,3,2,3,1,2,2,3,2,1985,3
16380,1,2,3,4,1,3,2,2,4,1,1,4,1,4,1,2,4,1,3,2,1,2,2,2,3,2,1972,5
16380,2,1,4,3,2,1,4,3,3,2,1,2,3,3,2,2,4,1,2,3,1,1,1,2,3,2,1984,5
16403,1,3,2,4,1,3,2,2,4,1,1,2,3,3,2,1,4,1,4,1,2,1,1,2,3,1,1976,2
16439,2,3,2,4,1,4,1,2,4,1,1,2,3,4,1,2,4,1,3,2,1,2,2,1,4,2,1972,5
16448,4,2,3,4,1,4,1,4,4,1,1,4,1,4,1,1,4,1,4,1,2,1,2,1,4,2,1968,5
16448,1,3,2,4,1,2,3,2,4,1,1,3,2,3,2,2,4,1,3,2,4,4,2,1,4,2,1971,6
16448,1,1,4,4,1,1,4,1,1,4,3,2,3,1,4,4,1,4,1,4,3,4,1,4,1,2,1974,1
16448,4,4,1,2,3,3,2,1,2,3,3,3,2,2,3,2,4,1,4,1,4,2,4,2,3, ,1973,2
16448,1,1,4,3,2,3,2,2,3,2,1,2,3,3,2,1,2,3,2,3,4,1,1,2,3,1,1984,6
16448,2,1,4,4,1,1,4,4,4,1,1,2,3,2,3,4,4,1,1,4,1,2,2,2,3,2,1953,5
16448,2,2,3,3,2,2,3,2,4,1,2,3,2,3,2,3,4,1,2,3,4,2,2,2,3,2,1974,5
16448,2,4,1,3,2,4,1,3,4,1,1,3,2,3,2,1,3,2,3,2,3,1,2,2,3,1,1982,5
16448,1,4,1,4,1,4,1,1,1,4,1,4,1,1,4,1,4,1,4,1,1,1,4,1,4,1, ,4
16448,1,3,2,4,1,1,4,4,4,1,1,2,3,3,2,2,2,3,3,2,4,1,3,1,4,1,1963,5
16448,2,2,3,4,1,4,1,2,4,1,1,4,1,1,4,1,4,1,4,1,1,1,1,1,4,1,1977,5
16448,1,4,1,4,1,4,1,3,4,1,1,4,1,4,1,1,4,1,4,1,1,1,4,1,4,1,1954,5
16448,1,1,4,3,2,1,4,3,2,3,1,2,3,3,2,3,2,3,1,4,2,3,1,1,4,2,1960,1
16448,2,3,2,4,1,4,1,2,4,1,1,3,2,3,2,2,3,2,4,1,4,1,3,1,4,1,1967,4
16448,3,1,4,3,2,1,4,2,3,2,3,3,2,2,3,3,3,2,2,3,4,2,2,3,2,2,1961,5
16448,1,3,2,4,1,2,3,2,3,2,1,3,2,3,2,3,4,1,3,2,2,1,1,2,3,2,1969,6
16450,1,3,2,4,1,2,3,2,3,2,1,3,2,3,2,3,4,1,3,2,2,1,1,2,3,1,1966,5
16450,1,2,3,4,1,4,1,1,4,1,1,4,1,4,1,2,4,1,3,2,2,2,2,1,4,2,1970,5
16450,1,4,1,4,1,1,4,2,4,1,1,1,4,3,2,4,2,3,1,4,3,3,1,4,1,1,1963,4
16450,1,4,1,4,1,3,2,1,1,4,1,4,1,2,3,1,4,1,4,1,4,1,2,2,3,1,1961,2
16450,1,2,3,4,1,4,1,4,4,1,1,4,1,4,1,3,4,1,4,1,3,4,4,4,1,2,1966,6
16450,2,2,3,3,2,1,4,2,3,2,1,2,3,2,3,2,3,2,2,3,2,2,1,1,4,1,1957,6
16451,2,2,3,3,2,2,3,2,4,1,1,2,3,2,3,3,3,2,2,3,3,3,2,3,2,1,1983,5
16455,2,3,2,4,1,2,3,2,4,1,1,4,1,3,2,2,4,1,4,1,1,1,1,1,4,2,1957,5
16457,2,2,3,2,3,2,3,3,2,3,2,3,2,3,2,3,3,2,3,2,4,2,2,3,2,1,1966,5
16457,2,2,3,4,1,3,2,3,4,1,2,3,2,2,3,2,3,2,3,2,3,2,2,2,3,1,1965,6
16457,2,1,4,3,2,1,4,1,3,2,2,2,3,3,2,3,3,2,3,2,4,2,2,2,3,1,1960,6
16457,1,3,2,4,1,2,3,1,3,2,1,1,4,4,1,1,4,1,2,3,2,1,1,1,4,2,1956,5
16457,2,2,3,3,2,1,4,2,3,2,1,2,3,2,3,2,4,1,3,2,1,1,2,1,4,1,1959,5
16457,2,2,3,3,2,2,3,3,4,1,2,2,3,3,2,3,3,2,2,3,3,2,2,3,2,2,1967,4
16457,1,4,1,4,1,4,1,1,4,1,1,4,1,4,1,1,4,1,4,1,2,1,1,1,4,2,1957,5
16457,1,1,4,3,2,2,3,3,3,2,2,2,3,2,3,3,3,2,2,3,3,3,3,2,3,2,1974,5
16457,1,1,4,1,4,2,3,1,2,3,1,2,3,1,4,1,3,2,2,3,1,2,1,1,4,1,1967,5
16457,1,3,2,4,1,4,1,2,4,1,1,2,3,3,2,1,4,1,3,2,2,1,2,1,4,2,1962,5
16457,1,4,1,4,1,4,1,2,1,4,1,3,2,4,1,1,4,1,4,1,3,1,4,1,4,1,1985,5
16457,1,1,4,1,4,1,4,1,1,4,2,1,4,4,1,1,3,2,4,1,4,1,4,1,4,1,1962,3
16457,2,2,3,3,2,3,2,2,3,2,1,3,2,4,1,3,4,1,3,2,4,2,2,3,2,1,1982,4
16457,2,1,4,4,1,2,3,3,4,1,3,3,2,3,2,1,4,1,3,2,4,2,1,2,3,1, ,3
16457,1,2,3,4,1,4,1,1,4,1,1,4,1,4,1,1,4,1,4,1,4,1,2,1,4,1,1965,5
16457,1,1,4,2,3,1,4,2,4,1,1,1,4,4,1,2,4,1,1,4,4,2,1,1,4,2,1973,2
16457,2,1,4,4,1,3,2,2,4,1,1,2,3,4,1,3,4,1,3,2,2,2,1,1,4,1,1983,4
16458,2,3,2,4,1,3,2,2,4,1,1,4,1,2,3,2,4,1,3,2,4,3,3,4,1,1,1961,2
16458,2,3,2,3,2,3,2,2,1,4,1,4,1,2,3,1,4,1,4,1,2,2,2,2,3,1,1987,3
16458,1,1,4,4,1,3,2,2,4,1,2,4,1,3,2,2,4,1,4,1,2,1,2,1,4,1,1966,2
16458,2,3,2,4,1,4,1,1,2,3,1,4,1,3,2,2,4,1,4,1,2,1,3,2,3,1,1988,4
16458,2,3,2,3,2,2,3,2,3,2,2,3,2,1,4,2,3,2,3,2,4,2,4,2,3,1,1982,4
16458,3,1,4,2,3,4,1,2,3,2,1,4,1,1,4,1,1,4,3,2,4,2,4,2,3,1,1990,2
16458,1,2,3,4,1,4,1,2,3,2,2,4,1,4,1,2,4,1,4,1,3,2,3,4,1,2,1956,4
16458,2,2,3,2,3,1,4,3,3,2,2,4,1,1,4,2,4,1,3,2,4,1,1,3,2,1,1963,2
16458,1,2,3,3,2,4,1,2,3,2,2,3,2,3,2,1,2,3,3,2,4,3,2,2,3,2,1972,4
16458,1,3,2,4,1,2,3,4,3,2,1,4,1,4,1,3,4,1,2,3,3,1,2,1,4,1,1969,2
16458,1,3,2,4,1,4,1,2,4,1,1,4,1,4,1,1,3,2,4,1,1,1,1,1,4,1,1968,5
16458,1,3,2,4,1,2,3,2,4,1,1,3,2,4,1,2,3,2,3,2,2,2,2,2,3,1, ,5
16458,1,3,2,4,1,2,3,1,4,1,1,4,1,4,1,2,4,1,3,2,4,1,2,2,3,1,1970,6
16458,2,3,2,1,4,3,2,2,2,3,1,3,2,2,3,3,4,1,3,2,3,2,2,2,3,1,1974,5
16458,2,1,4,4,1,3,2,2,3,2,2,2,3,2,3,2,3,2,3,2,4,1,3,2,3,2,1960,6
16458,3,2,3,3,2,1,4,2,3,2,3,2,3,2,3,1,3,2,2,3,4,2,3,3,2,1,1962,2
16458,2,3,2,4,1,3,2,2,4,1,1,4,1,3,2,1,3,2,4,1,2,1,3,2,3,2,1966,2
16458,2,2,3,3,2,2,3,3,3,2,2,3,2,3,2,3,4,1,2,3,2,2,1,2,3,1,1962,3
16458,1,1,4,4,1,3,2,2,4,1,1,4,1,4,1,1,4,1,4,1,3,1,2,1,4,2,1967,4
16458,1,2,3,4,1,2,3,2,3,2,1,4,1,2,3,3,2,3,3,2,4,1,2,1,4,1,1971,4
16458,2,2,3,3,2,2,3,2,3,2,3,3,2,2,3,2,3,2,2,3,4,2,3,2,3,1,1979,4
16458,2,2,3,4,1,2,3,2,3,2,2,3,2,2,3,3,4,1,3,2,3,1,3,2,3,2,1974,6
16458,1,3,2,3,2,2,3,2,3,2,1,3,2,3,2,2,4,1,3,2,3,3,3,3,2,1,1973,5
16458,2,2,3,3,2,2,3,2,2,3,2,3,2,2,3,3,3,2,2,3,3,2,2,2,3,2,1986,3
16458,3,4,1,4,1,3,2,4,3,2,1,3,2,3,2,3,4,1,4,1,1,1,2,2,3,2,1959,4
16458,2,3,2,4,1,2,3,2,2,3,2,3,2,3,2,3,3,2,3,2,2,1,2,1,4,2,1963,2
16459,2,2,3,3,2,2,3,2,3,2,2,3,2,3,2,3,2,3,3,2,3,2,3,2,3,1,1959,6
16460,1,3,2,4,1,4,1,2,4,1,2,4,1,3,2,2,4,1,4,1,2,2,3,2,3,1,1968,3
16460,1,2,3,2,3,2,3,1,2,3,1,1,4,4,1,3,4,1,2,3,4,1,3,1,4,2,1960,5
16460,1,2,3,4,1,3,2,2,3,2,1,4,1,3,2,1,4,1,3,2,3,2,3,1,4,2,1967,2
16460,1,3,2,4,1,4,1,1,3,2,1,4,1,4,1,2,4,1,4,1,1,1,1,1,4,1,1975,2
16460,1,1,4,4,1,3,2,1,3,2,1,4,1,3,2,1,1,4,3,2,2,1,1,1,4,2, ,3
16460,1,2,3,4,1,2,3,2,4,1,2,3,2,3,2,1,3,2,3,2,3,1,2,2,3,1,1969,3
16460,1,4,1,4,1,4,1,4,4,1,4,4,1,4,1,1,4,1,4,1,1,1,1,4,1,1,1952,5
16460,1,2,3,4,1,2,3,1,4,1,1,4,1,4,1,3,4,1,3,2,1,1,1,1,4,2,1970,5
16460,4,4,1,4,1,4,1,1,4,1,4,4,1,4,1,4,4,1,4,1,1,1,2,1,4,1,1962,5
16460,1,4,1,4,1,2,3,3,4,1,1,3,2,4,1,3,3,2,3,2,2,2,1,1,4,1,1959,5
16460,2,1,4,1,4,1,4,2,2,3,3,1,4,1,4,2,3,2,3,2,4,2,3,2,3,2, ,5
16460,2,4,1,4,1,2,3,2,2,3,1,3,2,2,3,1,4,1,4,1,4,1,3,2,3,2,1979,5
16460,1,3,2,3,2,4,1,2,4,1,1,2,3,4,1,2,3,2,3,2,2,2,1,1,4,1,1992,5
16460,1,3,2,4,1,3,2,1,4,1,1,4,1,4,1,1,4,1,4,1,4,1,2,2,3,1,1984,4
16460,2,1,4,4,1,1,4,1,4,1,2,4,1,4,1,4,4,1,1,4,1,1,1,1,4,2,1971,2
16460,2,3,2,2,3,2,3,2,4,1,2,3,2,3,2,1,4,1,2,3,2,2,1,1,4,1,1975,5
16460,2,2,3,4,1,3,2,3,2,3,2,3,2,3,2,1,3,2,2,3,3,2,3,2,3,1, ,5
16460,4,1,4,4,1,4,1,1,4,1,2,4,1,2,3,3,4,1,3,2,1,1,1,1,4,1,1974,3
16460,2,3,2,4,1,3,2,2,3,2,1,3,2,4,1,2,4,1,3,2,3,2,3,2,3,1,1963,2
16460,2,2,3,4,1,3,2,3,4,1,2,2,3,3,2,3,4,1,2,3,4,2,2,3,2,2,1977,6
16460,1,4,1,4,1,3,2,2,3,2,1,2,3,3,2,3,3,2,2,3,2,2,3,1,4,2,1965,6
16460,2,1,4,4,1,1,4,3,2,3,1,3,2,1,4,2,2,3,3,2,4,2,3,2,3,2,1978,6
16460,4,2,3,2,3,2,3,2,2,3,2,2,3,2,3,4,2,3,2,3,4,2,2,2,3,1,1959,2
16462,2,3,2,3,2,2,3,3,2,3,3,2,3,2,3,3,4,1,2,3,4,2,2,2,3,1,1958,4
16462,2,1,4,2,3,1,4,4,3,2,3,1,4,3,2,4,1,4,1,4,4,1,1,3,2,2,1972,5
16462,2,4,1,4,1,4,1,2,4,1,2,4,1,4,1,1,4,1,4,1,4,2,3,2,3,1,1959,6
16462,2,3,2,4,1,2,3,2,3,2,2,3,2,2,3,2,3,2,3,2,3,2,2,2,3,2,1956,6
16462,1,2,3,4,1,3,2,2,4,1,1,3,2,4,1,1,4,1,3,2,2,2,2,1,4,1,1970,5
16462,2,2,3,4,1,2,3,2,3,2,2,3,2,3,2,1,3,2,4,1,4,1,2,1,4,1,1970,6
16462,2,2,3,4,1,2,3,2,3,2,2,3,2,3,2,2,3,2,3,2,4,3,2,2,3,1,1956,5
16462,2,2,3,4,1,4,1,2,4,1,1,4,1,3,2,2,4,1,4,1,4,1,2,2,3,1,1957,5
16462,1,3,2,4,1,4,1,4,3,2,1,4,1,3,2,3,4,1,4,1,3,2,3,3,2,1,1969,6
16462,2,4,1,3,2,3,2,2,3,2,2,3,2,3,2,2,3,2,3,2,3,2,3,1,4,2,1974,6
16462,2,3,2,3,2,3,2,2,3,2,2,3,2,3,2,2,4,1,4,1,4,2,3,2,3,1,1970,4
16462,2,3,2,4,1,2,3,3,4,1,2,3,2,3,2,2,3,2,3,2,3,2,2,2,3,2,1960,5
16462,2,2,3,3,2,3,2,2,2,3,3,3,2,2,3,2,3,2,3,2,4,2,3,2,3,1,1959,4
16462,2,3,2,3,2,2,3,2,3,2,2,2,3,2,3,2,4,1,3,2,3,1,2,2,3,1,1961,5
16462,2,1,4,2,3,2,3,2,2,3,3,2,3,3,2,2,3,2,3,2,3,1,3,3,2,1, ,6
16462,1,3,2,4,1,3,2,2,4,1,2,3,2,1,4,4,4,1,3,2,1,1,3,2,3,1,1972,5
16462,2,3,2,4,1,2,3,2,2,3,2,3,2,2,3,1,4,1,3,2,4,2,2,2,3,1,1960,5
16462,2,2,3,2,3,2,3,3,3,2,1,2,3,4,1,3,4,1,3,2,4,2,3,2,3,1,1968,6
16462,2,3,2,4,1,2,3,2,2,3,2,2,3,3,2,2,3,2,3,2,3,2,2,2,3,2,1959,5
16462,2,2,3,3,2,3,2,2,3,2,2,3,2,3,2,2,3,2,3,2,3,2,3,2,3,2, ,5
16462,1,1,4,3,2,2,3,3,4,1,2,1,4,2,3,3,2,3,2,3,3,2,2,3,2,2,1965,5
16462,3,3,2,3,2,2,3,3,4,1,3,2,3,3,2,2,3,2,3,2,4,1,4,2,3,2,1977,5
16462,2,2,3,2,3,1,4,1,1,4,2,2,3,2,3,1,1,4,1,4,2,2,2,3,2,1,1957,6
16462,1,2,3,4,1,2,3,2,3,2,1,3,2,3,2,2,4,1,3,2,1,1,2,2,3,1,1955,5
16462,1,1,4,4,1,1,4,1,1,4,1,3,2,2,3,4,4,1,1,4,3,2,1,1,4,1,1961,6
16462,1,2,3,4,1,1,4,4,4,1,1,1,4,4,1,4,2,3,2,3,1,1,1,2,3,1,1964,3
16462,1,2,3,4,1,3,2,2,3,2,1,3,2,3,2,2,4,1,3,2,4,1,1,1,4,1,1959,6
16462,1,1,4,3,2,1,4,3,4,1,1,2,3,3,2,3,4,1,1,4,3,1,2,2,3,1,1971,6
16462,1,1,4,2,3,2,3,2,2,3,1,2,3,4,1,3,4,1,2,3,2,2,2,1,4,2,1963,6
16462,2,3,2,4,1,4,1,2,3,2,2,3,2,2,3,3,2,3,3,2,4,2,3,2,3,1,1964,6
16462,1,2,3,4,1,1,4,1,4,1,1,4,1,3,2,2,4,1,2,3,4,1,3,2,3,1,1968,5
16462,2,4,1,4,1,4,1,1,4,1,1,4,1,2,3,1,4,1,4,1,2,1,3,1,4,1,1977,6
16462,3,1,4,2,3,1,4,2,3,2,1,3,2,3,2,4,4,1,2,3,3,2,2,1,4,2,1960,6
16462,1,1,4,3,2,3,2,1,3,2,1,2,3,2,3,1,3,2,4,1,1,1,2,1,4,1, ,6
16462,1,3,2,3,2,3,2,2,4,1,1,3,2,4,1,2,4,1,2,3,2,2,3,2,3,1, ,5
16462,3,4,1,3,2,4,1,2,3,2,2,3,2,3,2,2,4,1,3,2,3,2,2,2,3,1, ,4
16462,2,3,2,4,1,4,1,3,3,2,4,3,2,3,2,3,4,1,3,2,2,1,2,2,3,2,1962,4
16462,1,1,4,3,2,3,2,2,2,3,1,4,1,4,1,2,4,1,1,4,4,2,2,1,4,1,1977,4
16462,1,2,3,4,1,3,2,1,4,1,1,4,1,4,1,2,4,1,4,1,1,1,2,2,3,1,1972,6
16462,1,2,3,4,1,2,3,3,3,2,2,2,3,3,2,3,4,1,2,3,2,1,2,1,4,2,1967,2
16463,1,4,1,2,3,3,2,2,3,2,1,4,1,3,2,2,4,1,2,3,2,2,2,1,4,2,1965,4
16463,1,3,2,4,1,4,1,2,4,1,2,3,2,3,2,1,4,1,3,2,4,2,4,2,3,1,1962,5
16463,2,3,2,4,1,3,2,2,4,1,1,4,1,3,2,2,4,1,3,2,1,1,2,2,3,2,1977,5
16463,4,3,2,4,1,3,2,3,4,1,1,4,1,3,2,2,4,1,3,2,1,1,1,2,3,1, ,5
16463,2,1,4,3,2,2,3,3,3,2,2,2,3,2,3,3,2,3,2,3,3,2,3,3,2,2,1973,6
16463,1,1,4,4,1,4,1,1,4,1,4,4,1,4,1,1,4,1,4,1,4,1,4,1,4,1, ,6
16463,1,1,4,4,1,1,4,2,4,1,1,3,2,2,3,4,3,2,1,4,4,2,3,2,3,2,1992,5
16463,3,2,3,4,1,4,1,2,2,3,2,3,2,2,3,2,2,3,3,2,2,1,2,2,3,1,1970,6
16463,2,2,3,4,1,3,2,2,2,3,1,2,3,2,3,2,3,2,3,2,3,2,3,2,3,1,1971,5
16463,1,2,3,3,2,2,3,2,3,2,2,3,2,2,3,2,4,1,3,2,3,2,2,2,3, , , 
16463,1,1,4,3,2,2,3,2,4,1,1,3,2,4,1,1,1,4,2,3,4,2,1,2,3,1,1974,1
16463,1,3,2,4,1,3,2,2,4,1,1,4,1,3,2,1,4,1,2,3,1,2,2,1,4,1,1975,4
16463,4,1,4,1,4,2,3,4,1,4,3,2,3,3,2,1,1,4,3,2,2,3,1,3,2,1,1960,5
16463,1,4,1,4,1,4,1,1,3,2,1,3,2,4,1,1,4,1,4,1,1,2,3,1,4,2,1975,5
16463,1,2,3,3,2,4,1,1,2,3,2,3,2,3,2,3,1,4,1,4,4,1,3,2,3,2,1975,6
16464,1,1,4,4,1,1,4,2,2,3,1,2,3,3,2,2,4,1,3,2,2,1,1,2,3,2,1981,2
16464,2,1,4,3,2,1,4,2,4,1,1,2,3,3,2,2,4,1,3,2,1,1,1,1,4, , ,5
16464,1,3,2,4,1,1,4,1,4,1,1,2,3,3,2,2,4,1,2,3,1,1,1,2,3,1,1970,1
16464,1,4,1,4,1,3,2,2,3,2,2,3,2,3,2,2,4,1,3,2,4,1,3,1,4,1,1958,5
16464,1,2,3,3,2,3,2,3,4,1,1,3,2,3,2,2,3,2,3,2,2,1,2,1,4,1,1974,6
16464,1,2,3,3,2,1,4,2,4,1,1,3,2,3,2,3,4,1,1,4,2,2,2,2,3,2,1965,2
16464,1,1,4,4,1,2,3,3,4,1,1,4,1,4,1,3,4,1,3,2,1,1,1,1,4,2,1958,3
16464,2,3,2,3,2,2,3,4,3,2,2,3,2,4,1,3,2,3,3,2,2,2,2,2,3,1,1971,2
16464,1,2,3,3,2,2,3,4,2,3,2,2,3,2,3,3,3,2,2,3,3,3,1,2,3,1,1984,4
16464,1,4,1,4,1,2,3,1,4,1,1,3,2,3,2,3,4,1,3,2,1,2,2,1,4,2,1971,5
16464,2,2,3,3,2,2,3,2,2,3,3,2,3,2,3,3,3,2,3,2,3,2,2,3,2,1,1974,2
16464,1,2,3,4,1,4,1,3,3,2,2,3,2,3,2,3,2,3,1,4,4,1,1,2,3,2, ,6
16464,1,1,4,4,1,3,2,2,4,1,1,4,1,1,4,1,4,1,4,1,2,1,2,1,4,2,1966,5
16464,1,4,1,4,1,3,2,1,3,2,1,4,1,4,1,1,4,1,3,2,1,1,2,1,4,1,1967,6
16464,1,1,4,4,1,2,3,2,4,1,1,2,3,1,4,4,4,1,2,3,1,1,1,1,4,1, ,6
16464,2,2,3,4,1,2,3,3,2,3,1,2,3,3,2,3,3,2,2,3,2,2,3,2,3,1,1972,2
16464,1,4,1,4,1,4,1,1,4,1,1,4,1,4,1,1,4,1,4,1,2,1,2,1,4,1,1969,4
16464,1,1,4,4,1,1,4,1,4,1,1,2,3,2,3,2,4,1,2,3,1,2,3,2,3,1,1952,6
16464,2,2,3,4,1,2,3,3,2,3,2,2,3,3,2,3,2,3,2,3,4,1,2,2,3,1,1973,2
16464,1,4,1,4,1,3,2,1,4,1,1,4,1,4,1,1,4,1,4,1,1,1,4,1,4,2,1963,2
16464,1,3,2,4,1,3,2,3,4,1,1,4,1,3,2,2,4,1,3,2,4,1,2,2,3,2,1958,2
16464,3,2,3,1,4,2,3,3,2,3,4,3,2,2,3,3,3,2,1,4,4,3,2,4,1,1,1962,4
16464,1,1,4,4,1,4,1,3,4,1,1,2,3,3,2,3,4,1,2,3,4,2,3,1,4,2,1966,6
16464,1,2,3,3,2,3,2,2,3,2,1,4,1,4,1,1,4,1,3,2,2,1,1,1,4,1,1966,3
16464,1,3,2,4,1,3,2,2,3,2,2,3,2,2,3,2,3,2,3,2,3,1,1,2,3,1,1966,3
16464,1,4,1,4,1,4,1,1,4,1,1,4,1,4,1,1,4,1,4,1,2,1,4,2,3,2,1969,5
16464,1,2,3,4,1,4,1,1,4,1,1,4,1,3,2,1,2,3,4,1,3,1,4,1,4,2,1977,6
16464,2,1,4,4,1,3,2,2,3,2,2,4,1,2,3,1,3,2,3,2,4,2,2,2,3,1,1985,4
16464,1,2,3,3,2,1,4,2,3,2,1,3,2,2,3,3,2,3,2,3,3,1,2,2,3,1,1967,6
16465,1,3,2,4,1,4,1,1,4,1,1,4,1,3,2,2,3,2,3,2,3,1,2,1,4,1,1965,2
16465,1,2,3,4,1,2,3,2,3,2,4,3,2,2,3,2,3,2,3,2,3,2,2,2,3,1,1959,2
16465,2,1,4,4,1,2,3,3,1,4,2,2,3,2,3,3,3,2,2,3,4,2,2,2,3, ,1981,3
16465,1,2,3,4,1,3,2,1,4,1,1,4,1,4,1,1,4,1,4,1,1,1,4,1,4,1,1980,5
16465,2,3,2,3,2,2,3,2,3,2,2,3,2,2,3,2,3,2,3,2,3,2,2,2,3,2,1970,5
16465,2,2,3,3,2,3,2,3,3,2,1,2,3,3,2,2,3,2,2,3,1,1,2,2,3,1,1961,2
16465,2,1,4,4,1,3,2,2,3,2,1,3,2,3,2,1,4,1,4,1,1,2,3,1,4,1,1967,2
16465,2,3,2,4,1,1,4,2,3,2,2,3,2,1,4,2,4,1,1,4,3,1,2,1,4,1,1939,2
16465,1,4,1,4,1,4,1,2,4,1,1,4,1,4,1,2,4,1,4,1,1,1,3,1,4,1,1963,5
16465,3,3,2,4,1,3,2,2,3,2,3,4,1,2,3,4,4,1,3,2,4,2,3,3,2,1,1965,4
16465,3,1,4,1,4,1,4,3,1,4,4,1,4,1,4,4,1,4,1,4,4,1,1,2,3,1,1965,1
16465,2,1,4,3,2,2,3,3,2,3,3,2,3,2,3,3,2,3,2,3,2,2,2,2,3,1,1972,4
16465,1,4,1,4,1,3,2,1,4,1,1,4,1,4,1,2,4,1,4,1,1,1,1,1,4,2,1971,4
16465,1,3,2,4,1,3,2,2,3,2,2,3,2,3,2,2,4,1,4,1,3,1,2,2,3,2,1974,2
16465,3,2,3,3,2,2,3,2,2,3,2,3,2,2,3,3,2,3,2,3,3,2,2,3,2,2,1965,4
16465,2,1,4,3,2,2,3,3,2,3,3,1,4,1,4,3,2,3,1,4,2,2,2,3,2,1,1960,2
16465,1,4,1,4,1,4,1,1,1,4,1,4,1,4,1,1,4,1,4,1,1,1,2,1,4,2,1972,2
16465,3,1,4,3,2,2,3,3,2,3,3,2,3,2,3,3,3,2,2,3,3,2,2,3,2,1,1967,4
16465,3,3,2,3,2,3,2,2,3,2,2,3,2,3,2,2,3,2,2,3,3,2,2,2,3,1,1971,3
16465,2,2,3,3,2,3,2,3,4,1,3,2,3,2,3,3,2,3,2,3,4,2,2,3,2,2,1984,2
16468,1,2,3,3,2,3,2,2,3,2,1,2,3,3,2,2,3,2,2,3,1,2,2,2,3,2,1973,3
16468,2,1,4,3,2,1,4,2,2,3,3,1,4,1,4,2,2,3,2,3,4,3,2,1,4,1,1956,5
16468,2,4,1,3,2,4,1,4,4,1,1,4,1,4,1,1,4,1,4,1,4,1,4,1,4,1,1972,4
16468,2,3,2,4,1,3,2,2,2,3,2,2,3,3,2,2,4,1,3,2,4,2,2,2,3,1,1956,5
16468,3,3,2,3,2,3,2,3,3,2,3,1,4,2,3,2,3,2,3,2,3,2,3,2,3,1,1956,5
16468,1,3,2,4,1,2,3,3,3,2,2,4,1,3,2,3,4,1,2,3,3,2,3,2,3,2,1982,4
16470,1,2,3,4,1,3,2,1,4,1,1,3,2,3,2,3,4,1,2,3,1,1,1,1,4,2,1992,5
16470,2,4,1,4,1,3,2,2,2,3,1,1,4,4,1,4,4,1,1,4,3,2,2,1,4, ,1954,5
16470,2,1,4,2,3,1,4,1,2,3,2,2,3,2,3,3,2,3,2,3,4,1,3,2,3,1, ,3
16470,1,3,2,4,1,3,2,2,4,1,4,4,1,4,1,3,4,1,3,2,1,1,2,1,4,2,1956,5
16470,1,1,4,3,2,2,3,3,3,2,2,2,3,3,2,1,2,3,2,3,3,2,2,1,4,1,1967,5
16470,2,3,2,3,2,3,2,2,3,2,2,4,1,4,1,1,4,1,3,2,2,1,3,1,4,2,1979,3
16470,1,3,2,4,1,1,4,2,3,2,1,2,3,2,3,3,4,1,2,3,1,1,2,1,4,2,1968,5
16470,1,3,2,4,1,3,2,1,3,2,1,3,2,2,3,2,3,2,2,3,1,1,1,1,4,1, ,3
16470,2,2,3,3,2,1,4,3,4,1,2,2,3,3,2,3,3,2,2,3,4,1,1,2,3,2,1976,2
16470,2,4,1,4,1,4,1,2,4,1,1,3,2,3,2,2,4,1,4,1,4,2,3,1,4,1,1970,5
16470,1,2,3,4,1,4,1,3,4,1,1,2,3,4,1,1,4,1,2,3,4,1,1,1,4,1,1977,6
16470,2,2,3,3,2,2,3,2,2,3,2,3,2,3,2,2,3,2,3,2,2,3,2,2,3,1, ,2
16470,1,2,3,4,1,4,1,1,4,1,1,4,1,4,1,2,4,1,4,1,3,1,4,1,4,1,1978,6
16470,1,1,4,4,1,1,4,2,4,1,1,3,2,4,1,3,3,2,2,3,3,2,3,1,4,2,1960,5
16470,1,4,1,4,1,3,2,2,4,1,1,3,2,4,1,2,4,1,3,2,2,2,3,1,4,1, ,2
16470,1,2,3,3,2,1,4,2,3,2,2,3,2,2,3,2,3,2,1,4,3,2,2,2,3,2,1989,5
16470,3,1,4,3,2,4,1,3,2,3,3,2,3,2,3,2,1,4,2,3,4,2,2,3,2,1,1961,3
16470,1,3,2,3,2,3,2,2,2,3,3,3,2,3,2,1,3,2,3,2,3,1,2,3,2,1,1985,5
16471,3,2,3,4,1,1,4,3,3,2,2,3,2,3,2,3,2,3,1,4,3,1,1,2,3,2,1960,2
16471,1,1,4,2,3,4,1,1,3,2,1,1,4,4,1,2,4,1,2,3,1,1,1,1,4,2,1962,6
16471,1,3,2,4,1,2,3,2,4,1,2,4,1,2,3,3,3,2,2,3,2,1,2,2,3,2,1962,5
16471,1,3,2,4,1,2,3,2,4,1,1,3,2,2,3,2,3,2,2,3,1,1,2,2,3,1,1959,4
16471,2,4,1,4,1,1,4,1,3,2,1,3,2,4,1,2,4,1,4,1,1,1,2,1,4,1,1960,5
16471,2,1,4,3,2,2,3,2,2,3,2,3,2,2,3,2,2,3,2,3,3,2,2,3,2,1,1967,2
16471,3,3,2,4,1,2,3,1,4,1,1,3,2,4,1,3,4,1,2,3,3,1,1,2,3,1,1960,2
16472,2,4,1,4,1,3,2,2,4,1,1,4,1,4,1,3,4,1,3,2,4,2,1,1,4,1,1959,4
16472,4,3,2,4,1,2,3,2,4,1,1,3,2,3,2,2,4,1,3,2,4,2,1,2,3,1,1959,4
16472,3,3,2,3,2,2,3,2,3,2,2,3,2,3,2,3,3,2,3,2,2,2,3,3,2,1,1965,3
16472,2,2,3,3,2,3,2,1,3,2,1,2,3,3,2,3,4,1,4,1,2,2,3,3,2,2,1970,6
16472,3,3,2,2,3,2,3,3,2,3,2,3,2,3,2,3,2,3,3,2,2,2,3,2,3,2,1955,5
16472,2,2,3,2,3,3,2,1,3,2,1,2,3,2,3,3,4,1,3,2,2,2,3,3,2,2,1969,4
16472,3,3,2,2,3,3,2,2,2,3,1,2,3,3,2,2,3,2,3,2,2,1,3,2,3,1,1963,5
16472,2,3,2,3,2,3,2,2,3,2,2,3,2,2,3,3,3,2,3,2,3,2,3,3,2,2,1975,4
16472,1,3,2,4,1,2,3,2,3,2,1,3,2,3,2,2,4,1,3,2,2,2,2,2,3,1,1968,4
16472,1,1,4,2,3,3,2,2,2,3,4,3,2,3,2,3,2,3,2,3,3,4,4,4,1,1,1983,5
16472,2,1,4,3,2,4,1,2,4,1,1,3,2,2,3,4,2,3,1,4,2,3,2,4,1,2,1984,2
16472,2,1,4,4,1,3,2,3,4,1,3,2,3,2,3,3,2,3,3,2,3,1,3,2,3,1,1975,1
16472,1,2,3,2,3,4,1,3,3,2,1,3,2,2,3,1,3,2,4,1,4,2,2,2,3,1,1975,6
16472,2,2,3,4,1,3,2,2,4,1,1,3,2,4,1,2,4,1,3,2,2,2,2,2,3,1,1969,4
16472,2,1,4,3,2,2,3,2,4,1,4,3,2,2,3,2,3,2,3,2,1,1,3,1,4,2, ,5
16472,3,3,2,2,3,3,2,3,2,3,2,2,3,2,3,3,3,2,2,3,3,3,2,3,2,2,1960,5
16472,3,3,2,2,3,2,3,3,2,3,2,3,2,3,2,3,2,3,3,2,2,2,3,2,3,2,1960,5
16472,2,3,2,4,1,3,2,2,2,3,2,3,2,2,3,3,4,1,2,3,3,2,2,2,3,1,1966,4
16472,1,2,3,3,2,2,3,2,4,1,1,2,3,2,3,3,4,1,2,3,2,2,2,1,4,2,1965,3
16472,2,2,3,3,2,2,3,1,2,3,2,3,2,3,2,2,3,2,3,2,4,1,2,2,3,1,1979,2
16472,2,3,2,4,1,3,2,2,3,2,1,3,2,3,2,2,4,1,3,2,2,2,2,2,3,1,1969,3
16472,2,3,2,2,3,1,4,3,2,3,3,3,2,3,2,3,2,3,2,3,4,2,3,2,3,2,1960,5
16475,2,2,3,4,1,3,2,3,4,1,1,3,2,3,2,2,4,1,4,1,3,2,2,3,2,1,1976,5
16475,3,1,4,3,2,1,4,4,1,4,3,3,2,1,4,4,1,4,2,3,2,2,2,3,2,2,1970,5
16475,2,2,3,2,3,2,3,2,2,3,2,2,3,2,3,2,2,3,2,3,1,2,1,2,3,1,1961,5
16476,2,4,1,4,1,4,1,1,4,1,1,4,1,4,1,2,4,1,4,1,1,1,1,1,4,1,1980,5
16476,2,4,1,4,1,4,1,2,4,1,1,4,1,2,3,3,4,1,4,1,1,1,1,1,4,1,1958,5
16476,1,4,1,4,1,4,1,1,4,1,1,4,1,3,2,2,4,1,2,3,1,2,1,1,4,2,1988,4
16476,1,4,1,4,1,4,1,1,4,1,1,4,1,4,1,1,4,1,4,1,2,1,2,1,4,1,1973,4
16476,1,4,1,4,1,4,1,1,4,1,1,4,1,3,2,1,4,1,4,1,1,1,1,1,4,2,1959,5
16476,3,2,3,4,1,2,3,2,3,2,2,3,2,2,3,2,4,1,2,3,2,1,1,2,3,2,1960,5
16476,2,3,2,4,1,3,2,1,2,3,1,4,1,3,2,1,4,1,4,1,1,1,1,1,4,1,1957,5
16476,3,2,3,3,2,2,3,3,2,3,3,2,3,2,3,3,4,1,2,3,1,2,1,2,3,1,1962,5
16476,1,2,3,4,1,2,3,2,4,1,1,3,2,4,1,2,4,1,2,3,3,2,2,2,3,2,1982,5
16480,1,4,1,4,1,4,1,2,4,1,1,4,1,4,1,3,2,3,2,3,3,2,2,2,3,1,1964,5
16480,1,4,1,4,1,4,1,2,4,1,1,3,2,4,1,2,3,2,2,3,3,1,2,1,4,1,1971,6
16480,2,4,1,4,1,4,1,2,1,4,1,4,1,4,1,1,4,1,4,1,2,2,4,1,4,1,1965,5
16480,2,3,2,4,1,3,2,2,4,1,1,4,1,4,1,2,4,1,4,1,3,2,2,2,3,1,1961,5
16480,2,4,1,2,3,4,1,2,3,2,1,4,1,4,1,2,4,1,4,1,3,1,2,1,4,2,1962,5
16480,1,1,4,2,3,1,4,2,1,4,2,3,2,2,3,4,4,1,1,4,3,2,2,2,3,2,1985,4
16480,1,2,3,3,2,4,1,2,2,3,1,2,3,3,2,1,4,1,3,2,1,1,3,1,4,2,1986,5
16480,1,3,2,4,1,4,1,2,4,1,1,4,1,4,1,2,4,1,4,1,1,1,1,1,4,1,1981,5
16480,1,3,2,4,1,4,1,1,2,3,1,4,1,4,1,2,4,1,3,2,1,2,2,1,4,2,1966,4
16480,1,2,3,4,1,2,3,2,4,1,1,3,2,4,1,3,4,1,3,2,1,1,1,1,4,2,1965,5
16480,2,3,2,4,1,3,2,2,2,3,2,3,2,3,2,2,3,2,3,2,4,1,3,2,3,1,1970,5
16480,1,2,3,3,2,3,2,2,3,2,1,3,2,2,3,3,4,1,3,2,4,1,1,2,3,1,1988,4
16480,1,4,1,4,1,4,1,1,4,1,1,2,3,4,1,1,4,1,4,1,3,4,4,4,1,1,1949,2
16480,1,3,2,2,3,2,3,4,2,3,2,3,2,3,2,1,4,1,1,4,4,2,3,1,4,2, ,5
16480,1,1,4,4,1,2,3,2,3,2,1,1,4,3,2,2,4,1,2,3,4,2,4,2,3,1,1971,2
16480,1,2,3,4,1,2,3,4,2,3,1,1,4,2,3,4,2,3,1,4,1,2,1,3,2,1,1981,5
16480,1,1,4,3,2,2,3,2,3,2,1,3,2,3,2,1,2,3,3,2,4,2,3,2,3,1,1972,5
16480,2,4,1,4,1,3,2,2,4,1,1,4,1,4,1,2,4,1,3,2,2,1,1,1,4,1,1967,4
16480,2,2,3,4,1,2,3,2,3,2,2,3,2,2,3,2,4,1,3,2,3,1,3,3,2,1,1967,4
